{"cameraMode":{"drawMode":0,"name":"Shaded","section":"Shading Mode"},"sceneLighting":true,"audioPlay":false,"sceneViewState":{"showFog":true,"showMaterialUpdate":false,"showSkybox":true,"showFlares":true,"showImageEffects":true,"showParticleSystems":true},"in2DMode":false,"pivot":{"x":708.9826049804688,"y":281.9978332519531,"z":415.5233459472656},"rotation":{"x":-0.11553049832582474,"y":-0.01877487078309059,"z":0.0021844690199941398,"w":-0.9931256175041199},"size":1248.6541748046875,"orthographic":false}